{
  "best": {
    "loss_gr": 0.16502801687338023,
    "loss_wd": 0.06282513962994082,
    "loss_cd": 0.05988009842216466,
    "loss": 0.4527612721998314,
    "hmar": 0.9491291326601126,
    "_base/lr": 0.048999999999999995,
    "_base/momentum": 0.9,
    "_timers/data_time": 0.001519883134562498,
    "_timers/model_time": 0.030903182781426005,
    "_timers/batch_time": 0.032453411324008946,
    "_timers/_fps": 1005.7518395160544
  },
  "last": {
    "loss_gr": 0.16694481902055838,
    "loss_wd": 0.06453367342592577,
    "loss_cd": 0.062272239697964964,
    "loss": 0.46069555108399857,
    "hmar": 0.9490797766743979,
    "_base/lr": 0.048999999999999995,
    "_base/momentum": 0.9,
    "_timers/data_time": 0.0014805288831139826,
    "_timers/model_time": 0.030497027620388435,
    "_timers/batch_time": 0.03200667887736269,
    "_timers/_fps": 1017.2773702590986
  },
  "train.38": {
    "loss_gr": 0.16502801687338023,
    "loss_wd": 0.06282513962994082,
    "loss_cd": 0.05988009842216466,
    "loss": 0.4527612721998314,
    "hmar": 0.9491291326601126,
    "_base/lr": 0.048999999999999995,
    "_base/momentum": 0.9,
    "_timers/data_time": 0.001519883134562498,
    "_timers/model_time": 0.030903182781426005,
    "_timers/batch_time": 0.032453411324008946,
    "_timers/_fps": 1005.7518395160544
  },
  "epoch_0": [
    "result/se_resnext101_32x4d_2020_1_27/checkpoints/train.18.pth",
    0.9338915560938228,
    {
      "loss_gr": 0.19245309016376652,
      "loss_wd": 0.08266203272435227,
      "loss_cd": 0.0743283733401513,
      "loss": 0.5418965865510882,
      "hmar": 0.9338915560938228,
      "_base/lr": 0.1,
      "_base/momentum": 0.9,
      "_timers/data_time": 0.0018070250939411748,
      "_timers/model_time": 0.03153072610782204,
      "_timers/batch_time": 0.03338264982411819,
      "_timers/_fps": 981.3801281267607
    }
  ],
  "epoch_1": [
    "result/se_resnext101_32x4d_2020_1_27/checkpoints/train.19.pth",
    0.9397042974957036,
    {
      "loss_gr": 0.17572927096217994,
      "loss_wd": 0.0755422066036644,
      "loss_cd": 0.07281566183709325,
      "loss": 0.4998164108737859,
      "hmar": 0.9397042974957036,
      "_base/lr": 0.1,
      "_base/momentum": 0.9,
      "_timers/data_time": 0.0014880886123438538,
      "_timers/model_time": 0.030867965737725503,
      "_timers/batch_time": 0.03238510193338821,
      "_timers/_fps": 1007.1881599390077
    }
  ],
  "epoch_2": [
    "result/se_resnext101_32x4d_2020_1_27/checkpoints/train.20.pth",
    0.9379251557166833,
    {
      "loss_gr": 0.18301992484362442,
      "loss_wd": 0.08188800528963619,
      "loss_cd": 0.06984472215664274,
      "loss": 0.5177725765788865,
      "hmar": 0.9379251557166833,
      "_base/lr": 0.1,
      "_base/momentum": 0.9,
      "_timers/data_time": 0.0018822795646205822,
      "_timers/model_time": 0.03125336443542678,
      "_timers/batch_time": 0.03318219143114267,
      "_timers/_fps": 987.4300969348204
    }
  ],
  "epoch_3": [
    "result/se_resnext101_32x4d_2020_1_27/checkpoints/train.21.pth",
    0.9408286451449225,
    {
      "loss_gr": 0.17691678768557736,
      "loss_wd": 0.07637553009153421,
      "loss_cd": 0.06749452462725372,
      "loss": 0.4977036298558143,
      "hmar": 0.9408286451449225,
      "_base/lr": 0.1,
      "_base/momentum": 0.9,
      "_timers/data_time": 0.0016960803490535502,
      "_timers/model_time": 0.03492995489175151,
      "_timers/batch_time": 0.036655631604467984,
      "_timers/_fps": 891.394928191183
    }
  ],
  "epoch_4": [
    "result/se_resnext101_32x4d_2020_1_27/checkpoints/train.22.pth",
    0.9341266810059625,
    {
      "loss_gr": 0.19495252095708615,
      "loss_wd": 0.08126638534888148,
      "loss_cd": 0.07623596952745779,
      "loss": 0.5474073970942482,
      "hmar": 0.9341266810059625,
      "_base/lr": 0.1,
      "_base/momentum": 0.9,
      "_timers/data_time": 0.0015923504237156758,
      "_timers/model_time": 0.03378903087537004,
      "_timers/batch_time": 0.0354112003259598,
      "_timers/_fps": 928.611925504442
    }
  ],
  "epoch_5": [
    "result/se_resnext101_32x4d_2020_1_27/checkpoints/train.23.pth",
    0.941023431144616,
    {
      "loss_gr": 0.1705438584937551,
      "loss_wd": 0.07282528691334869,
      "loss_cd": 0.06819112896144387,
      "loss": 0.4821041323642017,
      "hmar": 0.941023431144616,
      "_base/lr": 0.1,
      "_base/momentum": 0.9,
      "_timers/data_time": 0.0015780031681060813,
      "_timers/model_time": 0.03078092473327731,
      "_timers/batch_time": 0.03238900319026537,
      "_timers/_fps": 1006.7831600977005
    }
  ],
  "epoch_6": [
    "result/se_resnext101_32x4d_2020_1_27/checkpoints/train.24.pth",
    0.9437088899036093,
    {
      "loss_gr": 0.17688399011411604,
      "loss_wd": 0.07287042807052828,
      "loss_cd": 0.0688972613662274,
      "loss": 0.4955356694805394,
      "hmar": 0.9437088899036093,
      "_base/lr": 0.1,
      "_base/momentum": 0.9,
      "_timers/data_time": 0.0017291474494205137,
      "_timers/model_time": 0.031121417215675327,
      "_timers/batch_time": 0.03288179465160246,
      "_timers/_fps": 996.0138705639937
    }
  ],
  "epoch_7": [
    "result/se_resnext101_32x4d_2020_1_27/checkpoints/train.25.pth",
    0.9415507876498954,
    {
      "loss_gr": 0.17412239355984263,
      "loss_wd": 0.06882646669830925,
      "loss_cd": 0.0649543319469923,
      "loss": 0.4820255864141689,
      "hmar": 0.9415507876498954,
      "_base/lr": 0.1,
      "_base/momentum": 0.9,
      "_timers/data_time": 0.001940707112573513,
      "_timers/model_time": 0.03298532203504227,
      "_timers/batch_time": 0.03495801197495426,
      "_timers/_fps": 942.3858655301767
    }
  ],
  "epoch_8": [
    "result/se_resnext101_32x4d_2020_1_27/checkpoints/train.26.pth",
    0.9443121021134369,
    {
      "loss_gr": 0.1661446851776073,
      "loss_wd": 0.07158637037396924,
      "loss_cd": 0.06342554189682607,
      "loss": 0.46730128327046394,
      "hmar": 0.9443121021134369,
      "_base/lr": 0.1,
      "_base/momentum": 0.9,
      "_timers/data_time": 0.0016887404356792479,
      "_timers/model_time": 0.03205459873387768,
      "_timers/batch_time": 0.033774673748927474,
      "_timers/_fps": 970.7096864247425
    }
  ],
  "epoch_9": [
    "result/se_resnext101_32x4d_2020_1_27/checkpoints/train.27.pth",
    0.9429737649296948,
    {
      "loss_gr": 0.1699697243088301,
      "loss_wd": 0.07194672435541358,
      "loss_cd": 0.0671402363693876,
      "loss": 0.4790264084819518,
      "hmar": 0.9429737649296948,
      "_base/lr": 0.1,
      "_base/momentum": 0.9,
      "_timers/data_time": 0.0026637091758144886,
      "_timers/model_time": 0.035078031432097125,
      "_timers/batch_time": 0.037786881445319775,
      "_timers/_fps": 868.699224066718
    }
  ],
  "epoch_10": [
    "result/se_resnext101_32x4d_2020_1_27/checkpoints/train.28.pth",
    0.9437078635212983,
    {
      "loss_gr": 0.17086859800182505,
      "loss_wd": 0.06819899042537747,
      "loss_cd": 0.06295381676943992,
      "loss": 0.4728900035383528,
      "hmar": 0.9437078635212983,
      "_base/lr": 0.1,
      "_base/momentum": 0.9,
      "_timers/data_time": 0.002625722034721618,
      "_timers/model_time": 0.036370939130236465,
      "_timers/batch_time": 0.039042994285085314,
      "_timers/_fps": 846.8656196336075
    }
  ],
  "epoch_11": [
    "result/se_resnext101_32x4d_2020_1_27/checkpoints/train.29.pth",
    0.940757979189283,
    {
      "loss_gr": 0.18373461491220675,
      "loss_wd": 0.0790098277982815,
      "loss_cd": 0.06767594619008291,
      "loss": 0.5141550027921048,
      "hmar": 0.940757979189283,
      "_base/lr": 0.1,
      "_base/momentum": 0.9,
      "_timers/data_time": 0.0018195177719091912,
      "_timers/model_time": 0.03204963826070165,
      "_timers/batch_time": 0.03390402702768898,
      "_timers/_fps": 969.0967301431645
    }
  ],